Ativo,Retorno_Esperado_Anual,Variancia_Anual
A1,0.1062,0.080404
A2,0.1926,0.020121
A3,0.1598,0.03521
A4,0.1398,0.044062
A5,0.0734,0.056084
A6,0.0734,0.112596
A7,0.0587,0.025569
A8,0.1799,0.064653
A9,0.1402,0.077131
A10,0.1562,0.012981
A11,0.0531,0.079673
A12,0.1955,0.022849
A13,0.1749,0.014284
A14,0.0819,0.147968
A15,0.0773,0.151858
A16,0.0775,0.117319
A17,0.0956,0.036628
A18,0.1287,0.016719
A19,0.1148,0.09319
A20,0.0937,0.053845
